{
	"reset_matrix" :
	[
		[1.0, 0.0, 0.0, 0.0 ],
        [0.0, 1.0, 0.0, 1.3 ],
        [0.0, 0.0, 1.0, 0.35],
        [0.0, 0.0, 0.0, 1.0 ]
	],
	"cameras_locations":
	{
		"main" : [0,0,0],
		"parking_front" : [-0.0202747 , -0.57572889,  1.6183729 ],
		"frontCornerLeft" : [-0.57329735,  0.19517756, -0.6512264 ],
		"frontCornerRight" : [ 0.54707725,  0.18970009, -0.66327275],
		"parking_right" : [ 1.03675344, -0.27166242, -0.1256023 ],
		"parking_left" : [-1.06188823, -0.2601795 , -0.08085709],
		"parking_rear" : [-0.0050147 , -0.63424109, -3.26256135],
		"rearCornerLeft" : [-0.91701485, -0.43606824,  0.30566906],
		"rearCornerRight" : [ 0.87715972, -0.44439549,  0.28700274],
		"rear": [-6.53422491e-04,  8.90010562e-02, -2.06491312e+00]
	},
	"sectors" : {
		"main": {
			"R_to_main": [
				0,
				0,
				0
			],
			"origin": [
				360.0,
				155.0
			],
			"width": 720,
			"height": 310,
			"focal": 728.5,
			"scale": 2.0,
			"cams": [
				"main",
				"frontCornerLeft",
				"frontCornerRight",
				"parking_front"
			]
		},
		"frontCornerLeft": {
			"R_to_main": [
				1.9409669349309013,
  				-47.116802240488134,
				0.2871360969920563
			],
			"origin": [
				360.0,
				155.0
			],
			"width": 720,
			"height": 310,
			"focal": 295.0,
			"scale": 2.0,
			"cams": [
				"frontCornerLeft",
				"parking_left",
				"parking_front"
			]
		},
		"frontCornerRight": {
			"R_to_main": [
				0.9380820659024753,
  				46.375837692550306,
  				0.05155270621274392
			],
			"origin": [
				360.0,
				155.0
			],
			"width": 720,
			"height": 310,
			"focal": 295.0,
			"scale": 2.0,
			"cams": [
				"frontCornerRight",
				"parking_right",
				"parking_front"
			]
		},
		"rearCornerLeft": {
			"R_to_main": [
				177.7434470686527,
				47.8133949496544,
				178.61774733930486
			],
			"origin": [
				360.0,
				155.0
			],
			"width": 720,
			"height": 310,
			"focal": 295.0,
			"scale": 2.0,
			"cams": [
				"rearCornerLeft",
				"parking_left",
				"parking_rear"
			]
		},
		"rearCornerRight": {
			"R_to_main": [
				178.09749710465968,
  				-47.62220367098666,
  				-179.4778124511377
			],
			"origin": [
				360.0,
				155.0
			],
			"width": 720,
			"height": 310,
			"focal": 295.0,
			"scale": 2.0,
			"cams": [
				"rearCornerRight",
				"parking_right",
				"parking_rear"
			]
		},
		"rear": {
			"R_to_main": [
				177.18048110357768,
				-1.0276638699618508,
				179.58476811281508
			],
			"origin": [
				360.0,
				155.0
			],
			"width": 720,
			"height": 310,
			"focal": 728.5,
			"scale": 2.0,
			"cams": [
				"rear",
				"rearCornerLeft",
				"rearCornerRight",
				"parking_rear"
			]
		}
	}
}
