{
	"reset_matrix" :
	[
		[1.0, 0.0, 0.0, 0.0 ],
        [0.0, 1.0, 0.0, 1.5 ],
        [0.0, 0.0, 1.0, 0.25],
        [0.0, 0.0, 0.0, 1.0 ]
	],
	"cameras_locations": 
	{
		"main" : [0,0,0],
		"parking_front" : [2.96731769e-02, -5.36175941e-01, 1.69363454e+00],
		"frontCornerLeft" : [-6.09424331e-01, 2.10763336e-01, -6.10723442e-01],
		"frontCornerRight" : [5.34217490e-01, 2.02293301e-01, -6.42469692e-01],
		"parking_right" : [1.05719651, -0.23328173, -0.11622924],
		"parking_left" : [-1.10789493e+00, -0.21142803, -0.01763428],
		"parking_rear" : [-1.35757728e-01, -0.5887372, -3.27887975],
		"rearCornerLeft" : [-0.94507951, -0.42366136, 0.38044056],
		"rearCornerRight" : [0.89004471, -0.4276677, 0.31100913]
	},
	"main" : {
		"R_to_main" :
		[
			[1, 0, 0],
			[0, 1, 0],
			[0, 0, 1]
		],
		"origin": [360.0, 155.0],
		"width": 720,
		"height": 310,
		"focal": 728.5,
		"scale": 2.0,
		"cams" : ["main", "frontCornerLeft", "frontCornerRight", "parking_front"]
	},
	"frontCornerLeft" : {
		"R_to_main" :
		[
			[ 7.40152349e-01,  8.16526789e-03, -6.72389640e-01],
			[-3.94289360e-04,  9.99931372e-01,  1.17087963e-02],
			[ 6.72439101e-01, -8.40117701e-03,  7.40104774e-01]
		],
		"origin": [360.0, 155.0],
		"width": 720,
		"height": 310,
		"focal": 295.0,
		"scale": 2.0,
		"cams" :
		["frontCornerLeft", "parking_left", "parking_front"]
	},
	"frontCornerRight" : {
		"R_to_main" :
		[
			[0.67855963,  0.00730429,  0.734509],
			[-0.00816265,  0.9999638 , -0.00240322],
			[-0.73449997, -0.00436481,  0.67859469]
		],
		"origin": [360.0, 155.0],
		"width": 720,
		"height": 310,
		"focal": 295.0,
		"scale": 2.0,
		"cams" :
		["frontCornerRight", "parking_right", "parking_front"]
	},
	"rearCornerLeft" : {
		"R_to_main" :
		[
			[-0.63218668,  0.02725309, -0.77433667],
			[ 0.0021186 ,  0.99943828,  0.03344596],
			[ 0.77481321,  0.01950358, -0.63188931]
		],
		"origin": [360.0, 155.0],
		"width": 720,
		"height": 310,
		"focal": 295.0,
		"scale": 2.0,
		"cams" : ["rearCornerLeft", "parking_left", "parking_rear"]
	},
	"rearCornerRight" : {
		"R_to_main" :
		[
				[-0.68054714, -0.03059793,  0.73206513],
				[ 0.00678652,  0.99882157,  0.0480564],
				[-0.73267287,  0.03767282, -0.67953751]
		],
		"origin": [360.0, 155.0],
		"width": 720,
		"height": 310,
		"focal": 295.0,
		"scale": 2.0,
		"cams" : ["rearCornerRight", "parking_right", "parking_rear"]
	}
}
